Confidence,Master Protein Accessions,Master Protein Descriptions,Sequence,Modifications,m/z [Da] (by Search Engine): Mascot,Ions Score (by Search Engine): Mascot,Top Apex RT [min],Abundances (Grouped): PS,Abundances (Grouped): TiO2,Protein Factor (total protein abundance TiO2 v PS),Corrected Sample TiO2 abundance,FC PS v TiO2,length,aromatic
High,P06728,Apolipoprotein A-IV,NMEELKGHLTPR,1xOxidation [M2],480.91315,19,34.13,1000,8688976,0.8339,10419557.95,-500,12,1
High,P26043; P26041; P26040,Radixin,RKPDTIEVQQMK,1xOxidation [M11],496.93278,33,28,1000,41579680,4.8002,8662115.508,-500,,
High,P13645,"Keratin, type I cytoskeletal 10",VLDELTLTKADLEMQIESLTEELAYLKK,1xOxidation [M14],813.93627,33,99.39,1000,2234856.25,0.4889,4571478.311,-500,,
High,E9PV24,Fibrinogen alpha chain,MADEAGSEAHR,1xDioxidation [M1],603.24535,52,20.24,1000,2192016.25,0.6418,3415264.533,-500,,
High,Q61362,Chitinase-3-like protein 1,EAGTLAYYEICDFLKGAEVHR,1xTrioxidation [C11],811.7194,19,87.68,1000,1531046.875,1.1176,1369891.994,-500,,
High,Q00898,Alpha-1-antitrypsin 1-5,WKKPFDPENTK,1xOxidation [W1],469.24176,26,38.7,410444.9222,68275904,0.7975,85608336.18,-208.6,,
High,Q921I1,Serotransferrin,WCALSHLER,1xCarbamidomethyl [C2]; 1xDioxidation [W1],401.85724,35,45.93,2146463.335,143296712,0.8212,174492629.5,-81.3,,
High,Q01853,Transitional endoplasmic reticulum ATPase,WALSQSNPSALR,1xDioxidation [W1],681.34363,23,46.37,166806.116,6221998,1.1979,5194194.194,-31.1,,
High,P07724,Serum albumin,TCVADESAANCDK,1xCarbamidomethyl [C11]; 1xTrioxidation [C2],716.27202,71,23.71,4437608.395,6897423.5,0.2253,30612458.43,-6.9,,
High,P63101,14-3-3 protein zeta/delta,DICNDVLSLLEK,1xTrioxidation [C3],705.34547,58,87.91,348980.2495,5407527,2.7439,1970727.643,-5.6,,
High,Q9QXC1,Fetuin-B,SQASCSLQHSDSEPVGICQGSTVQSSLR,2xCarbamidomethyl [C5; C18]; 1xOxidation [H9],1007.78929,19,,1000,1000,0.1875,5333.292426,-5.3,,
High,P35242,Pulmonary surfactant-associated protein A,WNDKGCLQYR,1xCarbamidomethyl [C6]; 1xDioxidation [W1],686.3096,62,33.91,12524735.72,41798857,0.6635,62997761.78,-5,,
High,P07724,Serum albumin,VCLLHEK,1xTrioxidation [C2],445.22553,23,40.6,24986761.63,28042822,0.2253,124460927,-5,,
High,Q921I1,Serotransferrin,WCAVSEHENTK,1xCarbamidomethyl [C2]; 1xOxidation [W1],688.79825,45,25.66,10344414.74,39572813,0.8212,48187876.06,-4.7,,
High,P07724,Serum albumin,AHCLSEVEHDTMPADLPAIAADFVEDQEVCK,2xCarbamidomethyl [C3; C30]; 1xDioxidation [M12]; 2xOxidation [H/M],1177.18499,16,,1000,1000,0.2253,4438.245445,-4.4,,
High,P07724,Serum albumin,AHCLSEVEHDTMPADLPAIAADFVEDQEVCK,1xCarbamidomethyl [C30]; Oxidation [H]; 1xTrioxidation [C3]; 1xDioxidation [C3],1168.84759,21,,1000,1000,0.2253,4438.245445,-4.4,,
High,E9PV24,Fibrinogen alpha chain,MADEAGSEAHR,1xOxidation [M1],397.16852,49,19.81,6050241.908,14872842.5,0.6418,23172588.93,-3.8,,
High,Q921I1,Serotransferrin,WCALSHLER,1xCarbamidomethyl [C2]; 1xOxidation [W1],396.52553,32,45.94,28981009.34,82976228,0.8212,101040282.1,-3.5,,
High,P02769,Serum albumin,TCVADESHAGCEK,1xCarbamidomethyl [C2]; 1xOxidation [C/H],711.78675,29,24.76,23783977.19,16097637.5,0.2253,71445266.3,-3,,
High,Q61830,Macrophage mannose receptor 1,WENLECVQK,1xCarbamidomethyl [C6]; 1xDioxidation [W1],619.2811,15,37.14,393044.1182,6230827,5.679,1097171.446,-2.8,,
High,P35527,"Keratin, type I cytoskeletal 9",SDLEMQYETLQEELMALKK,2xOxidation [M5; M15],777.70789,54,84.71,29434619.96,25691630,0.4061,63270138.18,-2.1,,
High,Q00623,Apolipoprotein A-I,WKEDVELYR,1xOxidation [W1],418.54366,66,45.53,28101501.64,55407611,0.9391,59001183.7,-2.1,,
High,Q91X72,Hemopexin,WKNPITSVDAAFR,1xDioxidation [W1],512.93092,55,65.77,26466770.15,135646650,2.5129,53979893.47,-2,,
High,P08074,Carbonyl reductase [NADPH] 2,MKLNFSGLRALVTGAGK,1xOxidation [M1],445.5033,24,81.23,23484422.19,40773568,0.8606,47379394.26,-2,,
High,P04264,"Keratin, type II cytoskeletal 1",MSGECAPNVSVSVSTSHTTISGGGSR,1xCarbamidomethyl [C5]; 1xOxidation [M1],861.05931,23,44.25,11956376.54,9889409,0.4101,24117504.7,-2,,
High,Q61646,Haptoglobin,VGYVSGWGR,1xOxidation [W7],498.74865,28,46.63,495826.6123,33087030,35.5204,931495.0207,-1.9,,
High,P27773,Protein disulfide-isomerase A3,FVMQEEFSR,1xOxidation [M3],594.77079,17,38.86,8529732.328,13146413,0.9369,14031879.1,-1.6,,
High,P17897; P08905,Lysozyme C-1,YWCNDGK,1xCarbamidomethyl [C3]; 1xDioxidation [W2],487.68721,17,26.68,138507725.7,8300320.5,0.0378,219604732.7,-1.6,,
High,Q04857,Collagen alpha-1(VI) chain,DAEEVISQTIDTIVDMIK,1xOxidation [M16],679.33944,17,99.76,2023220.926,2698073.75,0.8976,3005826.502,-1.5,,
High,P35527,"Keratin, type I cytoskeletal 9",MTLDDFR,1xOxidation [M1],457.20756,22,40.77,145543481.8,85961976,0.4061,211696420.2,-1.5,,
High,Q921I1,Serotransferrin,WCAVSEHENTK,1xCarbamidomethyl [C2]; 1xDioxidation [W1],696.79587,46,25.25,74940156.72,88108197.22,0.8212,107289489.1,-1.4,,
High,P04264,"Keratin, type II cytoskeletal 1",WELLQQVDTSTR,1xOxidation [W1],746.37589,26,59.04,11354537.68,6633605.5,0.4101,16177509.88,-1.4,,
High,Q9DBD0,Inhibitor of carbonic anhydrase,WCAVGQQER,1xCarbamidomethyl [C2]; 1xDioxidation [W1],583.25627,36,26.8,12177776.93,13479281,0.7818,17241610.16,-1.4,,
High,P04186,Complement factor B,WDGQTAICDDGAGYCPNPGIPIGTR,2xCarbamidomethyl [C8; C15]; 1xDioxidation [W1],908.40193,18,62.06,10250390.54,13800692,0.9667,14275582.59,-1.4,,
High,P35527,"Keratin, type I cytoskeletal 9",FEMEQNLR,1xOxidation [M3],541.75091,29,31.35,8806489.225,4976755.5,0.4061,12256131.98,-1.4,,
High,P13645,"Keratin, type I cytoskeletal 10",NHEEEMKDLR,1xOxidation [M6],439.53464,16,21.67,60662810.22,40567322,0.4889,82981906.63,-1.4,,
High,P11672,Neutrophil gelatinase-associated lipocalin,WYVVGLAGNAVQK,1xOxidation [W1],710.88458,34,62.07,22714521.39,7288143,0.2395,30424812.96,-1.3,,
High,Q91X72,Hemopexin,WFWDFATR,1xDioxidation [W1],580.76336,24,81.25,13674821.88,45871875,2.5129,18254479.01,-1.3,,
High,Q00623,Apolipoprotein A-I,WKEDVELYR,1xDioxidation [W1],635.30882,52,44.93,167322711,204391168,0.9391,217647370.7,-1.3,,
High,Q9ESB3,Histidine-rich glycoprotein,WQSEIVIGQCK,1xCarbamidomethyl [C10]; 1xDioxidation [W1],690.33417,69,46.94,14274849.73,46836360,2.5421,18424319.33,-1.3,,
High,P35908,"Keratin, type II cytoskeletal 2 epidermal",VLYDAEISQIHQSVTDTNVILSMDNSR,1xOxidation [M23],1022.16915,19,75.7,8540514.769,4959358.5,0.4639,10690168.15,-1.3,,
High,P17742,Peptidyl-prolyl cis-trans isomerase A,IIPGFMCQGGDFTR,1xCarbamidomethyl [C7]; 1xOxidation [M6],807.87254,40,,1000,1000,0.8032,1245.084824,-1.2,,
High,P19788,Matrix Gla protein,NANTFMSPQQR,1xOxidation [M6],655.30094,36,28.2,26144422.14,5846164.5,0.1823,32067393.84,-1.2,,
High,P06728,Apolipoprotein A-IV,LQEHLKPYAVDLQDQINTQTQEMK,1xOxidation [M23],722.3632,16,,1000,1000,0.8339,1199.169839,-1.2,,
High,P35908,"Keratin, type II cytoskeletal 2 epidermal",DVDNAYMIK,1xOxidation [M7],542.75273,30,36.66,27682287.89,15317597.03,0.4639,33017917.11,-1.2,,
High,P02533; P13645; P08779,"Keratin, type I cytoskeletal 14",VTMQNLNDR,1xOxidation [M3],553.76649,51,23.26,30303318.98,8095228.5,0.2298,35233141.51,-1.2,,
High,P35527,"Keratin, type I cytoskeletal 9",IKFEMEQNLR,1xOxidation [M5],441.89561,49,42.51,145059575.8,68285012.13,0.4061,168163800.9,-1.2,,
High,P04264,"Keratin, type II cytoskeletal 1",DYQELMNTK,1xOxidation [M6],579.26111,28,29.83,28748692.99,13339600.25,0.4101,32531556.91,-1.1,,
High,Q9ESB3,Histidine-rich glycoprotein,WQSEIVIGQCK,1xCarbamidomethyl [C10]; 1xOxidation [W1],682.33711,27,48,9936516.088,27367576,2.5421,10765758.9,-1.1,,
High,P03987,Ig gamma-3 chain C region,WNYGALSSGVR,1xOxidation [W1],613.3024,27,49.23,23196218.71,47046880,1.8769,25066882.25,-1.1,,
High,P07724,Serum albumin,AHCLSEVEHDTMPADLPAIAADFVEDQEVCK,2xCarbamidomethyl [C3; C30]; 1xOxidation [M/H],1171.85871,67,86.23,648179164.2,155474320.1,0.2253,690033193.1,-1.1,,
High,P04264,"Keratin, type II cytoskeletal 1",WELLQQVDTSTR,1xDioxidation [W1],754.37186,73,60.44,26107944.23,11185351,0.4101,27277945.05,-1,,
High,P40240,CD9 antigen,AIHMALDCCGIAGPLEQFISDTCPK,3xCarbamidomethyl [C8; C9; C23]; 1xOxidation [H/M],940.76604,29,90.23,5080207.792,7385409.5,1.4538,5080207.792,1,,
High,P01878,Ig alpha chain C region,WNSGASFK,1xDioxidation [W1],464.71171,23,29.95,2010654.24,6840492,3.4021,2010654.24,1,,
High,P68033,"Actin, alpha cardiac muscle 1",YPIEHGIITNWDDMEK,1xOxidation [M14],659.63985,26,60.27,51959283.62,14526296,0.2796,51959283.62,1,,
High,P33267,Cytochrome P450 2F2,FADVIPMNLPHR,1xDioxidation [M7],481.24621,45,60.22,48626107.64,41150892,0.8589,47913285.49,1,,
High,Q9DBD0,Inhibitor of carbonic anhydrase,TYLGPQYLTLMDNFR,1xOxidation [M11],924.45273,32,76.43,69062553.26,52413060,0.7818,67042563.18,1,,
High,P26041,Moesin,TAMSTPHVAEPAENEHDEQDENGAEASAELR,1xOxidation [M/H],838.6138,20,,1000,1000,1.0322,968.8432832,1,,
High,P50396,Rab GDP dissociation inhibitor alpha,FDLGQDVIDFTGHALALYR,1xOxidation [H13],723.02981,16,95.62,1000,1000,1.0404,961.1726518,1,,
High,P06909,Complement factor H,WVASNPSR,1xDioxidation [W1],474.73053,29,24.87,58381186.95,43478168,0.7837,55480302.48,1.1,,
High,P50404,Pulmonary surfactant-associated protein D,GEVGAPGMQGSTGAK,1xDioxidation [M8],689.81689,28,21.01,35284037.01,22141314,0.6648,33307103.24,1.1,,
High,Q91X72,Hemopexin,WKNPITSVDAAFR,1xOxidation [W1],507.60015,29,66.63,29237443.33,69253868,2.5129,27559224.04,1.1,,
High,P04264,"Keratin, type II cytoskeletal 1",NMQDMVEDYR,2xOxidation [M2; M5],666.763,51,30.39,26818849.47,10172225.5,0.4101,24807215.1,1.1,,
High,P06909,Complement factor H,WIGQPVCK,1xCarbamidomethyl [C7]; 1xDioxidation [W1],510.25214,35,35.02,70262662.49,49423788,0.7837,63067208.99,1.1,,
High,P33267,Cytochrome P450 2F2,FADVIPMNLPHR,1xOxidation [M7],475.91409,19,58.08,8738897.805,6668099,0.8589,7763878.631,1.1,,
High,Q01339,Beta-2-glycoprotein 1,WSPDIPACAR,1xCarbamidomethyl [C8]; 1xDioxidation [W1],602.77423,29,41.89,258539516.2,116992818,0.5202,224904762.3,1.1,,
High,P00761,Trypsin,IITHPNFNGNTLDNDIMLIK,1xOxidation [M17],767.06448,71,74.36,99431859.01,43843736,0.5069,86488109.05,1.1,,
High,Q00623,Apolipoprotein A-I,TQLAPHSEQMR,1xOxidation [M10],657.31699,29,23.32,28234375.89,22731018,0.9391,24205284.16,1.2,,
High,Q64727,Vinculin,WIDNPTVDDR,1xDioxidation [W1],631.78383,16,37.95,5046793.42,4472000.5,1.0425,4289501.916,1.2,,
High,P06684,Complement C5,WLSEEQR,1xDioxidation [W1],490.2274,43,28.09,147104643.1,197693392,1.5836,124836510.5,1.2,,
High,P04264,"Keratin, type II cytoskeletal 1",DVDGAYMTK,1xOxidation [M7],508.22403,33,24.52,78879645.01,26612690,0.4101,64900913.29,1.2,,
High,Q80YC5,Coagulation factor XII,WTVEATYR,1xDioxidation [W1],529.25165,29,39.24,18519117.49,18998471.5,1.3013,14599392.78,1.3,,
High,P35908,"Keratin, type II cytoskeletal 2 epidermal",DYQELMNVK,1xOxidation [M6],578.2718,28,37.02,20054586.74,6757960,0.4639,14567151.93,1.4,,
High,P50404,Pulmonary surfactant-associated protein D,FTYPTGEPLVYSNWAPGEPNNNGGAENCVEIFTNGQWNDK,1xCarbamidomethyl [C28]; 1xOxidation [W14],1501.66979,24,87.66,35733387.89,17213101.5,0.6648,25893609.96,1.4,,
High,P48036,Annexin A5,WGTDEEKFITIFGTR,1xDioxidation [W1],611.302,40,77.28,27674178.32,4962843.5,0.2475,20049374.87,1.4,,
High,P20918,Plasminogen,WEYCDIPR,1xCarbamidomethyl [C4]; 1xDioxidation [W1],585.74818,46,46.43,32396500.27,5121867.5,0.225,22761081.78,1.4,,
High,O08709,Peroxiredoxin-6,DFTPVCTTELGR,1xTrioxidation [C6],693.81411,74,59.1,57967941.68,14319767.19,0.3521,40671807.11,1.4,,
High,P13645,"Keratin, type I cytoskeletal 10",ADLEMQIESLTEELAYLKK,1xOxidation [M5],747.38244,78,99.45,94125618.21,31942202,0.4889,65338915.49,1.4,,
High,Q9R0P5; P45591; P18760,Destrin,MIYASSK,1xOxidation [M1],408.20156,37,22.81,74710061.35,41711064,0.8256,50520258.59,1.5,,
High,P32261,Antithrombin-III,ANRPFLVLIREVALNTIIFMGR,1xOxidation [M20],640.62044,17,,1000,1000,1.5242,656.0647586,1.5,,
High,P03987,Ig gamma-3 chain C region,VVSALPIQHQDWMR,1xOxidation [M13],565.95988,33,57.21,48743352.4,58262038.5,1.8769,31042391.3,1.6,,
High,P07724,Serum albumin,KAHCLSEVEHDTMPADLPAIAADFVEDQEVCK,2xCarbamidomethyl [C4; C31]; 1xOxidation [M/H],911.17129,61,84.36,290841488.8,41723295,0.2253,185178224,1.6,,
High,P02088,Hemoglobin subunit beta-1,LLVVYPWTQR,1xOxidation [W7],645.86441,27,70.14,19896441.94,50705409,4.3512,11653275.55,1.7,,
High,P16406,Glutamyl aminopeptidase,WADNDNSR,1xDioxidation [W1],505.20202,21,,1000,1000,1.7175,582.2530437,1.7,,
High,P13020,Gelsolin,SEDCFILDHGR,1xTrioxidation [C4],670.2834,18,52.72,13109337.37,6342594.5,0.8331,7613690.996,1.7,,
High,P07759; Q03734,Serine protease inhibitor A3K,HFRDEELSCSVLELK,1xTrioxidation [C9],618.2957,19,65.68,10671347.72,18758886,3.2887,5703997.202,1.9,,
High,P13645,"Keratin, type I cytoskeletal 10",ADLEMQIESLTEELAYLK,1xOxidation [M5],1056.52541,81,99.86,20693594.47,5257230.75,0.4889,10753853.34,1.9,,
High,P19788,Matrix Gla protein,YAMVYGYNAAYNR,1xOxidation [M3],786.35158,56,46.32,12268022.43,1156757.875,0.1823,6345050.734,1.9,,
High,P08905,Lysozyme C-2,NGMAGYYGVSLADWVCLAQHESNYNTR,1xCarbamidomethyl [C16]; 1xOxidation [M3],1031.45917,72,89.45,41764346.97,735553.0938,0.0354,20754629,2,,
High,P11680,Properdin,MSINCEGTPGQQSR,1xCarbamidomethyl [C5]; 1xOxidation [M1],790.8445,27,,1000,1000,2.0339,491.6542271,2,,
High,P26041,Moesin,AQMVQEDLEK,1xOxidation [M3],603.78699,44,29.6,41698070.99,19848528,1.0322,19230113.03,2.2,,
High,P26041,Moesin,ISQLEMAR,1xOxidation [M6],482.25013,41,28.8,60243099.68,28547932,1.0322,27658472.17,2.2,,
High,P15626,Glutathione S-transferase Mu 2,MAFWNPK,1xOxidation [M1],455.21787,25,49.77,11427389.71,2315011.75,0.4491,5155159.621,2.2,,
High,P16858,Glyceraldehyde-3-phosphate dehydrogenase,LTGMAFR,1xOxidation [M4],406.21,34,33.22,96613254.79,25846402,0.6638,38939638.48,2.5,,
High,P00330,Alcohol dehydrogenase 1,ANGTTVLVGMPAGAK,1xOxidation [M10],701.87233,39,38.63,13252183.14,7060279.5,1.3267,5321771.005,2.5,,
High,P01027,Complement C3,DLNMDVSFHLPSR,1xOxidation [M4],516.24887,55,61.06,29400353.11,7182937.5,0.6153,11674509.68,2.5,,
High,P50405,Pulmonary surfactant-associated protein B,MTKEDAFQEAIRK,1xOxidation [M1],791.8969,55,41.25,570721237.5,268179581.8,1.1886,225622826.6,2.5,,
High,P01027,Complement C3,SVQLMER,1xOxidation [M5],439.72367,35,27.41,347664705.2,84383288,0.6153,137149113.8,2.5,,
High,P13020,Gelsolin,MDAHPPR,1xOxidation [M1],420.19454,28,20.58,108662234.8,34337920,0.8331,41219458.75,2.6,,
High,P13020,Gelsolin,KMDAHPPR,1xOxidation [M2],484.24253,51,20.25,18813061.73,5789729.719,0.8331,6950028.578,2.7,,
High,P13645,"Keratin, type I cytoskeletal 10",NVSTGDVNVEMNAAPGVDLTQLLNNMR,2xOxidation [M11; M26],968.79751,73,78.35,74514975.81,13275498,0.4889,27155505.5,2.7,,
High,P07724,Serum albumin,YMCENQATISSK,1xCarbamidomethyl [C3]; 1xOxidation [M2],724.31346,100,26.35,551400528.5,44934396,0.2253,199429878.4,2.8,,
High,P50405,Pulmonary surfactant-associated protein B,MTKEDAFQEAIR,1xOxidation [M1],727.85057,76,45.04,234442330.5,98575034,1.1886,82932405.45,2.8,,
High,P06728,Apolipoprotein A-IV,VTQTFGENMQK,1xOxidation [M9],649.80659,40,27.22,56828814,16584427,0.8339,19887544.66,2.9,,
High,E9PV24,Fibrinogen alpha chain,MELERPGK,1xOxidation [M1],488.24999,29,26.23,100067887.7,20753577.25,0.6418,32335050.58,3.1,,
High,Q8BHL4,Retinoic acid-induced protein 3,SPTDYPVEDAFCKPQLMK,1xCarbamidomethyl [C12]; 1xOxidation [M17],714.66815,21,59.16,24105143.73,8781691,1.1926,7363404.493,3.3,,
High,P11499,Heat shock protein HSP 90-beta,GFEVVYMTEPIDEYCVQQLK,1xCarbamidomethyl [C15]; 1xOxidation [M7],822.0515,19,75.49,12688109.64,4011931.25,1.0695,3751360.506,3.4,,
High,P02088,Hemoglobin subunit beta-1,LLVVYPWTQR,1xDioxidation [W7],653.86256,40,62.96,14201618.99,18098737,4.3512,4159508.295,3.4,,
High,Q9WVA4,Transgelin-2,NVIGLQMGTNR,1xOxidation [M7],609.81575,37,39.41,96640347.33,2783223.5,0.1013,27469625.15,3.5,,
High,Q9DBD0,Inhibitor of carbonic anhydrase,MFPSLCQLCAGK,2xCarbamidomethyl [C6; C9]; 1xOxidation [M1],714.32808,35,64.48,19180407.87,4244542.5,0.7818,5429276.763,3.5,,
High,P06728,Apolipoprotein A-IV,TVEPMGEMFNK,2xOxidation [M5; M8],657.78933,40,32.17,133232131.4,30080860,0.8339,36072060.05,3.7,,
High,P26041,Moesin,EKEELMEK,1xOxidation [M6],526.25211,23,21.51,71873931.87,19021482.36,1.0322,18428835.42,3.9,,
High,P08074,Carbonyl reductase [NADPH] 2,VNSVNPTVVLTDMGK,1xOxidation [M13],795.41332,92,55.07,158181724.7,34357044,0.8606,39923313.39,4,,
High,P35527,"Keratin, type I cytoskeletal 9",STMQELNSR,1xOxidation [M3],541.25066,45,22.34,95531083.02,9653903.563,0.4061,23774428.18,4,,
High,O35639,Annexin A3,WGTDEDKFTEVLCLR,1xCarbamidomethyl [C13]; 1xDioxidation [W1],634.29443,18,72.35,33814338.77,5976579.5,0.7151,8358090.018,4,,
High,Q01339,Beta-2-glycoprotein 1,ATVLYQGMR,1xOxidation [M8],527.77035,41,34.32,246938412.1,31727746,0.5202,60992813.86,4,,
High,P29788,Vitronectin,VDAAMAGR,1xOxidation [M5],403.69466,42,20.69,59782349.17,17457620,1.1851,14731535.06,4.1,,
High,Q8VCM7,Fibrinogen gamma chain,AIQVYYNPDQPPKPGMIDSATQK,1xOxidation [M16],859.75972,49,53.78,59943407.07,9127683,0.6313,14458626.81,4.1,,
High,Q61114,BPI fold-containing family B member 1,AMWSVSK,1xOxidation [M2],412.70207,38,33.99,84205298.52,18686276,0.9275,20146470.48,4.2,,
High,E9PV24,Fibrinogen alpha chain,MSPVPDLVPGSFK,1xOxidation [M1],695.35776,74,67.84,111506924,16989426,0.6418,26470325.69,4.2,,
High,P48036,Annexin A5,WGTDEEK,1xDioxidation [W1],448.68535,15,19.99,24438489.78,1287198.875,0.2475,5200150.435,4.7,,
High,P19221,Prothrombin,TTVVMTPR,1xOxidation [M5],460.74683,53,28.39,126775700,31257610,1.1698,26719838.7,4.7,,
High,P07724,Serum albumin,TVMDDFAQFLDTCCK,2xCarbamidomethyl [C13; C14]; 1xOxidation [M3],933.88809,107,76.55,1622752944,76311729,0.2253,338690183.6,4.8,,
High,Q61147,Ceruloplasmin,MFTTAPDQVDKEDEDFQESNK,1xOxidation [M1],830.6921,21,46.15,30339181.15,20219768,3.3619,6014349.852,5,,
High,P07724,Serum albumin,ENPTTFMGHYLHEVAR,1xOxidation [M7],480.22809,55,52.99,735516620.1,32773983.22,0.2253,145458981.7,5.1,,
High,P07724,Serum albumin,DDNPSLPPFERPEAEAMCTSFK,1xCarbamidomethyl [C18]; 1xOxidation [M17],852.04734,18,61.75,652685670.5,27331448,0.2253,121303674.6,5.4,,
High,Q61247,Alpha-2-antiplasmin,MEEDYPQFSSPK,1xOxidation [M1],737.31455,61,43.53,15086415.58,1831848.25,0.6544,2799438.581,5.4,,
High,P97425,Eosinophil cationic protein 2,TPQDSPMYPVVPVHLDGTF,1xOxidation [M7],1058.50736,24,79.74,24148407.6,1301513.75,0.2919,4459227.972,5.4,,
High,P11276,Fibronectin,DSMIWDCTCIGAGR,2xCarbamidomethyl [C7; C9]; 1xOxidation [M3],829.34146,23,56.9,7069437.528,733555.375,0.5625,1304172.408,5.4,,
High,Q00897,Alpha-1-antitrypsin 1-4,AVLTIDETGTEAAAATVLQVATYSMPPIVR,1xOxidation [M25],1035.54257,79,99.47,102459900.1,17416060,0.9581,18178336.52,5.6,,
High,P07724,Serum albumin,YMCENQATISSK,1xCarbamidomethyl [C3]; 1xDioxidation [M2],732.31123,21,24.34,23186513.82,922788.0625,0.2253,4095559.915,5.7,,
High,P60710,"Actin, cytoplasmic 1",TTGIVMDSGDGVTHTVPIYEGYALPHAILR,1xOxidation [H/M],800.65882,31,78.55,29910302.16,4083061,0.7942,5141217.708,5.8,,
High,P11276,Fibronectin,TASPDQTEMTIEGLQPTVEYVVSVYAQNR,1xOxidation [M9],1081.52404,47,95.53,8800685.179,835509.5625,0.5625,1485434.577,5.9,,
High,P60710; P68033,"Actin, cytoplasmic 1",HQGVMVGMGQK,2xOxidation [M5; M8],602.28484,53,22.48,287393066.9,38173140,0.7942,48066003.26,6,,
High,Q61114,BPI fold-containing family B member 1,LGPTQMLK,1xOxidation [M6],452.25173,52,33.95,123423930.5,18523066,0.9275,19970506.83,6.2,,
High,P62962,Profilin-1,DSLLQDGEFTMDLR,1xOxidation [M11],828.38318,43,68.95,33598195.49,2415516.75,0.4539,5321946.339,6.3,,
High,P20918,Plasminogen,VIPACLPSPNYMVADR,1xCarbamidomethyl [C5]; 1xOxidation [M12],909.94648,34,60.36,37992216.26,1353749.125,0.225,6015929.647,6.3,,
High,Q01853,Transitional endoplasmic reticulum ATPase,MDELQLFR,1xOxidation [M1],534.26093,30,63.19,8426943.457,1594437.5,1.1979,1331054.431,6.3,,
High,O09164,Extracellular superoxide dismutase [Cu-Zn],VLEIWMELGR,1xOxidation [M6],631.33434,57,79.95,30669189.62,8103977,1.7627,4597501.581,6.7,,
High,Q9DCT8,Cysteine-rich protein 2,ASSVTTFTGEPNMCPR,1xCarbamidomethyl [C14]; 1xOxidation [M13],885.89311,38,41.18,8737411.516,1441131.625,1.1139,1293767.393,6.8,,
High,P06728,Apolipoprotein A-IV,VNSFMSTLEK,1xOxidation [M5],586.28676,30,42.2,72534095.74,8940560,0.8339,10721249.9,6.8,,
High,Q9QXC1,Fetuin-B,MFYESVYGQCK,1xCarbamidomethyl [C10]; 1xOxidation [M1],714.30267,52,45.85,65953044.7,1807768.5,0.1875,9641358.049,6.8,,
High,Q61362,Chitinase-3-like protein 1,LAGAMVWALDLDDFQGTCQPK,1xCarbamidomethyl [C18]; 1xOxidation [M5],784.70603,47,85.84,17863970.49,2875285,1.1176,2572638.346,6.9,,
High,P06684,Complement C5,KAVDICPTMK,1xCarbamidomethyl [C6]; 1xOxidation [M9],589.79991,44,30.66,53339184.17,11550973,1.5836,7294038.246,7.3,,
High,P29699,Alpha-2-HS-glycoprotein,ANLMHNLGGEEVSVACK,1xCarbamidomethyl [C16]; 1xOxidation [M/H],922.9336,96,43.28,1183149833,101913890.6,0.6446,158096144.4,7.5,,
High,P16858,Glyceraldehyde-3-phosphate dehydrogenase,VIHDNFGIVEGLMTTVHAITATQK,1xOxidation [M13],653.59543,41,88.61,24853323.38,2107745,0.6638,3175483.702,7.8,,
High,P08074,Carbonyl reductase [NADPH] 2,GVPGSIVNVSSMVAHVTFPNLITYSSTK,1xOxidation [M/H],974.5101,42,90.44,62187090.05,6831959,0.8606,7938821.519,7.8,,
High,P06684,Complement C5,EKLFSSTYQNINIPVTQNMVPSAR,1xOxidation [M19],918.47073,20,67.36,13447858.9,2710635,1.5836,1711671.853,7.9,,
High,Q9DBD0,Inhibitor of carbonic anhydrase,ADRDQYELLCMDNTR,1xCarbamidomethyl [C10]; 1xOxidation [M11],639.28063,24,46.67,12439832.46,1229933.875,0.7818,1573232.311,7.9,,
High,P01027,Complement C3,IILQGSPVVQMAEDAVDGER,1xOxidation [M11],715.02947,114,74.24,312788575.9,24199604.28,0.6153,39331890.94,8,,
High,Q9QUI0,Transforming protein RhoA,EVFEMATR,1xOxidation [M5],499.73448,20,33.11,42640022.05,2120249.75,0.3965,5347896.721,8,,
High,Q01339,Beta-2-glycoprotein 1,FTCPLTGMWPINTLR,1xCarbamidomethyl [C3]; 1xOxidation [M8],911.95248,65,82.54,127422609.1,8175785.75,0.5202,15716974.61,8.1,,
High,Q8BH35,Complement component C8 beta chain,VDGVMDLGIK,1xOxidation [M5],531.77854,41,49.12,56887421.21,5505830.5,0.8063,6828885.818,8.3,,
High,P50404,Pulmonary surfactant-associated protein D,AAFLSMTDVGTEGK,1xOxidation [M6],721.84563,87,47.98,215893957.2,16718048,0.6648,25148902.66,8.6,,
High,P50405,Pulmonary surfactant-associated protein B,GQAKPEQNPGMPDAVPNPLLDK,1xOxidation [M11],778.05795,23,53.94,41919956.51,5775975.5,1.1886,4859400.221,8.6,,
High,P06684,Complement C5,AVDICPTMK,1xCarbamidomethyl [C5]; 1xOxidation [M8],525.75174,38,32.83,61519154.8,11256801,1.5836,7108278.846,8.7,,
High,P01027,Complement C3,TELTNIELLDDFDEYTMTIQQVIK,1xOxidation [M17],963.47791,89,99.78,16951080.48,1204143.125,0.6153,1957107.46,8.7,,
High,O08709,Peroxiredoxin-6,KGESVMVVPTLSEEEAK,1xOxidation [M6],924.96496,81,49.83,314692707.6,12135685,0.3521,34468454.2,9.1,,
High,Q7TMM9; P99024; P68372,Tubulin beta-2A chain,KLAVNMVPFPR,1xOxidation [M6],429.91288,23,57.1,14830720.36,849679.625,0.5254,1617062.362,9.2,,
High,P06684,Complement C5,NADYSYSMWK,1xOxidation [M8],640.76677,54,45.53,58486884.25,10089181,1.5836,6370967.371,9.2,,
High,P01027,Complement C3,VLMEGVRPSNADALVGK,1xOxidation [M3],591.31735,23,46.99,147599753.7,9853882,0.6153,16015626.03,9.2,,
High,P50404,Pulmonary surfactant-associated protein D,TADSEKPFEDAQEMCK,1xCarbamidomethyl [C15]; 1xOxidation [M14],951.39628,81,33.97,656062319.5,46531255,0.6648,69996808.41,9.4,,
High,P52480,Pyruvate kinase PKM,ITLDNAYMEK,1xOxidation [M8],607.29254,53,41.86,28567432.29,3143526,1.042,3016708.758,9.5,,
High,Q01339,Beta-2-glycoprotein 1,RFTCPLTGMWPINTLR,1xCarbamidomethyl [C4]; 1xOxidation [M9],660.33754,32,78.02,45666881.55,2495473,0.5202,4797249.707,9.5,,
High,Q00898,Alpha-1-antitrypsin 1-5,WKKPFDPENTK,1xDioxidation [W1],474.57241,22,42.48,47277176,3942295.75,0.7975,4943081.821,9.6,,
High,P01027,Complement C3,FYHPEKDDGMLSK,1xOxidation [M10],528.24524,25,35.08,270441112.6,17336202,0.6153,28176725.48,9.6,,
High,P01027,Complement C3,VELLHNPAFCSMATAK,1xCarbamidomethyl [C10]; 1xOxidation [M12],602.29564,69,55.98,71640897.74,4551838,0.6153,7398153.86,9.7,,
High,Q00898,Alpha-1-antitrypsin 1-5,LSISGNYNLETLMSPLGITR,1xOxidation [M13],732.38432,114,82.19,799636341.4,65470852,0.7975,82091197.33,9.7,,
High,P28665,Murinoglobulin-1,MLRPLNELLPLAYIEDPKK,1xOxidation [M1],568.07192,50,88.27,61151586.78,18303987.75,2.9368,6232553.642,9.8,,
High,Q9QXC1,Fetuin-B,DGYMLSLNR,1xOxidation [M4],542.75834,56,47.52,113240175.2,2145175.25,0.1875,11440846.91,9.9,,
High,Q9R0P5,Destrin,KEELMFFLWAPEQAPLK,1xOxidation [M5],698.36493,38,90.4,16220419.09,1342623.375,0.8256,1626179.569,10,,
High,P06684,Complement C5,MSCTNANLVK,1xCarbamidomethyl [C3]; 1xOxidation [M1],577.27096,84,27.42,96767600.19,15268319,1.5836,9641413.13,10,,
High,P26041,Moesin,GMLREDAVLEYLK,1xOxidation [M2],518.27349,33,69.83,26808700.26,2754339,1.0322,2668522.84,10,,
High,P21460,Cystatin-C,MLGAPEEADANEEGVRR,1xOxidation [M1],620.623,39,35.67,63846235.52,1196680,0.193,6199696.025,10.3,,
High,P10649,Glutathione S-transferase Mu 1,YTMGDAPDFDR,1xOxidation [M3],652.26598,57,37.69,143607325.8,7042365.5,0.5066,13900971.91,10.3,,
High,P07758; P22599; Q00897,Alpha-1-antitrypsin 1-1,TLMSPLGITR,1xOxidation [M3],552.80813,55,53.54,2438050176,289335456,1.2584,229921476.4,10.6,,
High,Q60854,Serpin B6,GTTASQMAQALALDK,1xOxidation [M7],761.38233,38,43.49,13292470.94,813868.375,0.6597,1233607.86,10.8,,
High,P29699,Alpha-2-HS-glycoprotein,VGQPGAAGPVSPMCPGR,1xCarbamidomethyl [C14]; 1xOxidation [M13],827.39504,79,34.17,1910694520,107471539.6,0.6446,166717568.4,11.5,,
High,Q61646,Haptoglobin,ATDLKDWVQETMAK,1xOxidation [M12],826.39934,26,58.99,4057019.63,12417459,35.5204,349587.1714,11.6,,
High,P13020,Gelsolin,AVEVMPK,1xOxidation [M5],395.21254,55,24.76,667336393.2,47846212,0.8331,57434898.84,11.6,,
High,Q99LX0,Protein/nucleic acid deglycase DJ-1,TQGPYDVVVLPGGNLGAQNLSESPMVK,1xOxidation [M25],929.47375,18,73.97,13401194.47,390111.2813,0.3383,1153049.774,11.6,,
High,P60710; P68033,"Actin, cytoplasmic 1",EITALAPSTMK,1xOxidation [M10],589.30998,48,39.25,570208464,38781896,0.7942,48832523.07,11.7,,
High,Q8K182,Complement component C8 alpha chain,YNPVVIDFEMQPIYQLLR,1xOxidation [M10],752.05966,18,99.57,3771327.22,274297.3125,0.8669,316398.1232,11.9,,
High,P19221,Prothrombin,ETFMDCLEGR,1xCarbamidomethyl [C6]; 1xOxidation [M4],637.26357,59,46.44,39412441.91,3827241,1.1698,3271627.683,12,,
High,Q61362,Chitinase-3-like protein 1,LLMGIPTFGK,1xOxidation [M3],546.80917,41,67.22,37209016.41,3418007.5,1.1176,3058234.979,12.2,,
High,Q61646,Haptoglobin,YVMLPVADQDK,1xOxidation [M3],647.82164,45,48.14,38255326.01,110849240,35.5204,3120724.801,12.3,,
High,P48036,Annexin A5,WGTDEEKFITIFGTR,1xOxidation [W1],605.96718,20,78.64,12790116.01,254293.5313,0.2475,1027319.587,12.4,,
High,Q61838,Pregnancy zone protein,FCQEFQHYPAMGGVAPQALAVAASGPGSSFR,1xCarbamidomethyl [C2]; 1xOxidation [M11],1085.50969,40,72.65,6551454.711,1393470,2.6485,526129.6557,12.5,,
High,Q99PT1,Rho GDP-dissociation inhibitor 1,IDKTDYMVGSYGPR,1xOxidation [M7],539.92396,46,41.62,59567227.46,3160825.25,0.6724,4700890.034,12.7,,
High,P13020,Gelsolin,SQHVQVEEGSEPDAFWEALGGK,1xDioxidation [W16]; 2xOxidation [H3; W16],811.37084,17,65.72,35038672.92,2288221.938,0.8331,2746796.246,12.8,,
High,P35700,Peroxiredoxin-1,ATAVMPDGQFK,1xOxidation [M5],590.78699,37,34.51,96040038.49,6471604.5,0.8629,7499797.284,12.8,,
High,Q61114,BPI fold-containing family B member 1,IPLDMVAGLNTPLIK,1xOxidation [M5],805.9635,64,77.39,106187899,7638950.25,0.9275,8235877.803,12.9,,
High,P07759; Q03734; Q91WP6,Serine protease inhibitor A3K,MQQVEASLQPETLRK,1xOxidation [M1],887.46117,77,43.1,526951088.3,133234164,3.2887,40512389.63,13,,
High,Q61233; Q99K51,Plastin-2,MINLSVPDTIDER,1xOxidation [M1],759.8782,69,61.84,26135619.86,2695609.5,1.371,1966122.287,13.3,,
High,Q61838,Pregnancy zone protein,GSIFNLGSHVLSLEQGNMK,1xOxidation [M18],683.01451,23,79.62,15545036.66,2992971.25,2.6485,1130050.115,13.8,,
High,P10649,Glutathione S-transferase Mu 1,ADIVENQVMDTR,1xOxidation [M9],703.83273,87,35.7,188680810.4,6738243,0.5066,13300662.5,14.2,,
High,P01029,Complement C4-B,NNHNMLQEEDLIDEDDILVR,1xOxidation [M/H],814.38267,41,70.42,7705068.017,373375.9688,0.6934,538449.3203,14.3,,
High,Q61362,Chitinase-3-like protein 1,KLAGAMVWALDLDDFQGTCQPK,1xCarbamidomethyl [C19]; 1xOxidation [M6],827.40498,64,81.88,20010008.59,1542733.5,1.1176,1380348.508,14.5,,
High,P10126,Elongation factor 1-alpha 1,VETGVLKPGMVVTFAPVNVTTEVK,1xOxidation [M10],844.46522,65,74.69,121628125.9,6713951,0.8116,8272517.209,14.7,,
High,P07759; Q03734; Q91WP6,Serine protease inhibitor A3K,MQQVEASLQPETLR,1xOxidation [M1],823.41475,86,47.83,598690938.2,131922240,3.2887,40113474.11,14.9,,
High,O35945; P24549,"Aldehyde dehydrogenase, cytosolic 1",GFFVQPTVFSNVTDEMR,1xOxidation [M16],663.98466,71,79.86,270105187.3,34504312,1.9287,17889534.52,15.1,,
High,Q06890,Clusterin,FMDTVAEK,1xOxidation [M2],478.72328,46,28.47,67330179.08,6228476.5,1.4116,4412402.463,15.3,,
High,P28665,Murinoglobulin-1,SSGSLFNNAMK,1xOxidation [M10],586.27413,18,37.53,40450022.7,7773173.5,2.9368,2646785.032,15.3,,
High,P63017,Heat shock cognate 71 kDa protein,NQVAMNPTNTVFDAK,1xOxidation [M5],833.39969,92,46.05,21513913.04,2136343.5,1.5692,1361396.575,15.8,,
High,P60710,"Actin, cytoplasmic 1",KDLYANTVLSGGTTMYPGIADR,1xOxidation [M15],787.05893,71,62.22,60287871.42,3028417.5,0.7942,3813255.222,15.8,,
High,P01027,Complement C3,NTMFLEICTK,1xCarbamidomethyl [C8]; 1xOxidation [M3],636.80214,55,56.85,113691428.4,4406549,0.6153,7162014.002,15.9,,
High,Q61147,Ceruloplasmin,EMGPTYADPVCLSK,1xCarbamidomethyl [C11]; 1xOxidation [M2],792.35705,31,49.65,19675053.22,4086324,3.3619,1215473.004,16.2,,
High,P02088,Hemoglobin subunit beta-1,YFDSFGDLSSASAIMGNAK,1xOxidation [M15],998.95121,117,68.57,111565131.8,29092136.19,4.3512,6686045.649,16.7,,
High,Q64437,Alcohol dehydrogenase class 4 mu/sigma chain,VTPGSTCVVFGLGGVGLSVIMGCK,2xCarbamidomethyl [C7; C23]; 1xOxidation [M21],804.40904,35,93.02,12977265.88,848012.6875,1.0962,773615.153,16.8,,
High,P07759,Serine protease inhibitor A3K,LEEDVLPEMGIK,1xOxidation [M9],694.85239,68,53.34,213457120.9,40070116,3.2887,12184083.3,17.5,,
High,P13020,Gelsolin,VSNGAGSMSVSLVADENPFAQGALR,1xOxidation [M8],1247.10691,79,73.75,86710672.6,4118083,0.8331,4943373.167,17.5,,
High,O35945; P24549,"Aldehyde dehydrogenase, cytosolic 1",IAKEEIFGPVQQIMK,1xOxidation [M14],873.97491,64,59.65,375574219.6,39706812.5,1.9287,20586887.6,18.2,,
High,P22599; Q00897,Alpha-1-antitrypsin 1-2,FDHPFLFIIFEEHTQSPIFVGK,2xOxidation [H3; H13],894.12074,15,99.82,11829859.53,827508.1875,1.2824,645292.2975,18.3,,
High,P22599; Q00898; Q00897,Alpha-1-antitrypsin 1-2,MQHLEQTLNK,1xOxidation [M1],629.31632,61,30,264470563.1,18268788.13,1.2824,14246032.17,18.6,,
High,P08074,Carbonyl reductase [NADPH] 2,SVFQVSQMVAR,1xOxidation [M8],634.3263,45,48.93,221998866.6,10268342,0.8606,11931941.4,18.6,,
High,Q9WVA4,Transgelin-2,TLMNLGGLAVAR,1xOxidation [M3],616.34643,40,58.32,86227182.28,469397.3125,0.1013,4632818.105,18.6,,
High,P07901; P11499,Heat shock protein HSP 90-alpha,EMLQQSK,1xOxidation [M2],440.21536,21,19.84,23279637.44,1737761.375,1.4314,1214071.435,19.2,,
High,P40142,Transketolase,NMAEQIIQEIYSQVQSK,1xOxidation [M2],675.67005,69,92.98,16235790.43,959087.25,1.1445,838018.085,19.4,,
High,P10649,Glutathione S-transferase Mu 1,IRADIVENQVMDTR,1xOxidation [M11],559.28654,48,44.21,93936549.4,2427086.5,0.5066,4790842.121,19.6,,
High,P50404,Pulmonary surfactant-associated protein D,QQMEALK,1xOxidation [M3],432.21807,41,21.76,93124212.71,3082176.625,0.6648,4636507.799,20.1,,
High,P07758,Alpha-1-antitrypsin 1-1,MQHLEQTLSK,1xOxidation [M1],615.811,32,31.07,105896873.4,6538789,1.2584,5196072.55,20.4,,
High,P52480,Pyruvate kinase PKM,FGVEQDVDMVFASFIR,1xOxidation [M9],625.97001,79,99.7,5195818.742,265239.2188,1.042,254538.844,20.4,,
High,Q9R0P3,S-formylglutathione hydrolase,MYSYVTEELPQLINANFPVDPQR,1xOxidation [M1],914.11768,33,92.57,6326896.327,334644.2188,1.0828,309050.3038,20.5,,
High,P60710,"Actin, cytoplasmic 1",DLYANTVLSGGTTMYPGIADR,1xOxidation [M14],1116.03465,110,68.37,299913507.6,11354822,0.7942,14297511.58,21,,
High,P14069,Protein S100-A6,LMDDLDR,1xOxidation [M2],447.2052,31,29.83,69240903.18,5301320,1.6335,3245385.769,21.3,,
High,P28665,Murinoglobulin-1,MSLVLPPTVVK,1xOxidation [M1],600.35761,26,62.48,56410498.2,7756209,2.9368,2641008.578,21.4,,
High,P01027,Complement C3,VMQDFFIDLR,1xOxidation [M2],650.32346,76,76.01,270770820.5,7688624.5,0.6153,12496408.49,21.7,,
High,P99024; P68372,Tubulin beta-5 chain,IMNTFSVVPSPK,1xOxidation [M2],668.35269,69,55.08,42421649.05,1582016.25,0.8332,1898759.957,22.3,,
High,P52480,Pyruvate kinase PKM,VNLAMDVGK,1xOxidation [M5],481.75196,36,36.48,40098808.53,1860439,1.042,1785384.509,22.5,,
High,Q9R0P5,Destrin,KEELMFFLWAPEQAPLK,2xOxidation [M5; W9],703.69576,28,80.51,15766997.39,568327.6875,0.8256,688356.0136,22.9,,
High,O08709,Peroxiredoxin-6,GESVMVVPTLSEEEAK,1xOxidation [M5],860.91792,28,53.71,28888955.68,430318.3125,0.3521,1222214.242,23.6,,
High,P01942,Hemoglobin subunit alpha,MFASFPTTK,1xOxidation [M1],523.25492,63,47.92,559164632.3,118229368,5.0442,23438841.41,23.9,,
High,P07759,Serine protease inhibitor A3K,GKTMEEILEGLK,1xOxidation [M4],455.24185,21,54.6,40843736.89,5579369,3.2887,1696513.597,24.1,,
High,P06684,Complement C5,GTVYNYMTSGTK,1xOxidation [M7],669.30616,62,31.59,65344199.47,4268532,1.5836,2695429.698,24.2,,
High,P20918,Plasminogen,TPENFPDAGLEMNYCR,1xCarbamidomethyl [C15]; 1xOxidation [M12],965.40851,64,54.4,44733174.17,407409.8438,0.225,1810489.781,24.7,,
High,P07759,Serine protease inhibitor A3K,TMEEILEGLK,1xOxidation [M2],589.80293,76,56.59,151691371.7,19719778,3.2887,5996174.748,25.3,,
High,P32261,Antithrombin-III,EQLQDMGLIDLFSPEK,1xOxidation [M6],939.96302,121,85.69,88526085.91,5176754,1.5242,3396285.863,26.1,,
High,P28665,Murinoglobulin-1,ESGEKEEHSFTVMEFVLPR,1xOxidation [M13],567.52296,22,69.74,9792625.428,1087021.625,2.9368,370133.584,26.5,,
High,P01027,Complement C3,MELKPGDNLNVNFHLR,1xOxidation [M1],478.99727,46,63.5,21454564.13,482703.3125,0.6153,784543.1613,27.3,,
High,P01027,Complement C3,FFKPAMPFDLMVFVTNPDGSPASK,1xOxidation [M],887.10283,22,96.32,1756598.37,37473.03125,0.6153,60905.34214,28.8,,
High,Q06318,Uteroglobin,INIMKLTEKILTSPLCK,1xCarbamidomethyl [C16]; 1xOxidation [M4],505.29043,39,88.33,85308363.45,1339756.25,0.453,2957484.299,28.8,,
High,P28665,Murinoglobulin-1,AVDQSVLLLKPESELSPSWIYNLPGMQQNK,1xOxidation [M26],1134.25146,24,90.71,11004357.91,1081977.625,2.9368,368416.0894,29.9,,
High,O08677,Kininogen-1,GNLFMDINNK,1xOxidation [M5],591.2848,54,54.79,220915332.7,2459602,0.3372,7294256.299,30.3,,
High,O08553; Q62188,Dihydropyrimidinase-related protein 2,MDENQFVAVTSTNAAK,1xOxidation [M1],871.40592,83,44.89,14486767.96,340641.9063,0.7253,469683.2209,30.8,,
High,P08074,Carbonyl reductase [NADPH] 2,GAMTMLTK,2xOxidation [M3; M5],442.71425,41,23.06,106805042.8,2666858.75,0.8606,3098923.11,34.5,,
High,P17742,Peptidyl-prolyl cis-trans isomerase A,HTGPGILSMANAGPNTNGSQFFICTAK,1xCarbamidomethyl [C24]; 1xOxidation [M9],936.44422,67,68.15,27273329.47,630814.6875,0.8032,785417.7942,34.7,,
High,P26043; P26041; P26040,Radixin,VTTMDAELEFAIQPNTTGK,1xOxidation [M4],694.67325,22,63.4,19295711.53,2481791.063,4.8002,517020.8345,37.3,,
High,P06684,Complement C5,DSLEQAVGGVPVTLMAQTVDVNQETSDLETKR,1xOxidation [M15],1149.56926,51,75.55,69592955.82,2815647.125,1.5836,1777983.363,39.1,,
High,Q8VCM7,Fibrinogen gamma chain,TSTADYAMFR,1xOxidation [M8],589.76117,67,41.07,119106326.8,1793029.25,0.6313,2840232.377,41.9,,
High,P01027,Complement C3,NYAGVFMDAGLAFK,1xOxidation [M7],760.36558,80,75.62,125678218.7,1699804.25,0.6153,2762711.101,45.5,,
High,P11276,Fibronectin,TEIDKPSQMQVTDVQDNSISVR,1xOxidation [M9],836.07389,40,45.73,22127744.83,263502.4688,0.5625,468475.4019,47.2,,
High,Q60854,Serpin B6,LDKMDEEEVEVFLPK,1xOxidation [M4],612.96953,19,70.01,24457400.45,341123.7813,0.6597,517052.8685,47.3,,
High,P01027,Complement C3,YYTYLVMNK,1xOxidation [M7],605.79408,57,48.6,57703332.23,609121.5,0.6153,990012.0734,58.3,,
High,Q61233,Plastin-2,AECMLQQAER,1xCarbamidomethyl [C3]; 1xOxidation [M4],626.27641,45,26.31,8038751.094,178486.2813,1.371,130184.2331,61.7,,
High,O08709,Peroxiredoxin-6,DLAILLGMLDPVEK,1xOxidation [M8],771.92787,76,95.05,136934984.4,756763.4219,0.3521,2149401.978,63.7,,
High,P07724,Serum albumin,ENPTTFMGHYLHEVAR,Oxidation [H]; 1xDioxidation [M7],650.63115,35,53.13,256634350.1,874877.25,0.2253,3882919.969,66.1,,
High,P29699,Alpha-2-HS-glycoprotein,ANLMHNLGGEEVSVACK,1xCarbamidomethyl [C16]; 1xOxidation [H5]; 1xDioxidation [M4],938.92877,85,43.14,217488875.7,2025409.25,0.6446,3141960.25,69.2,,
High,P16858,Glyceraldehyde-3-phosphate dehydrogenase,VIISAPSADAPMFVMGVNHEK,2xOxidation [M12; M15],749.03838,38,60.91,47163548.72,436618.2188,0.6638,657799.7042,71.7,,
High,Q61838,Pregnancy zone protein,AMGVPMMGLDYSDEINQVVEVR,Oxidation [M]; 1xDioxidation [M],834.3855,57,69.88,11158121.4,388348,2.6485,146627.7706,76.1,,
High,P68510; P68254; O70456; P61982; Q9CQV8; P63101; P62259,14-3-3 protein eta,DSTLIMQLLR,1xOxidation [M6],603.33222,22,82.32,18224375.85,645964,2.9755,217091.2089,83.9,,
High,P06684,Complement C5,RPDSSVPSSGTAGMVETTAYALLASLK,1xOxidation [M14],909.12792,74,94.86,46613208.66,829698.0625,1.5836,523925.5083,89,,
High,P32261,Antithrombin-III,VAEGTQVLELPFKGDDITMVLILPKPEK,1xOxidation [M19],774.93029,36,92.1,44747737.35,765320.9375,1.5242,502100.0961,89.1,,
High,P22599,Alpha-1-antitrypsin 1-2,AVLTIDETGTEAAAATVFEAVPMSMPPILR,1xDioxidation [M]; 2xOxidation [M23; M25],1045.19646,50,93.96,76873026.75,972761.625,1.2824,758561.1761,101.3,,
High,P07724,Serum albumin,KAHCLSEVEHDTMPADLPAIAADFVEDQEVCK,2xCarbamidomethyl [C4; C31]; Oxidation [H]; 1xDioxidation [M13],919.16883,62,84.54,199799471.1,388457.75,0.2253,1724070.839,115.9,,
High,P07759; Q03734; Q91WP6,Serine protease inhibitor A3K,MQQVEASLQPETLR,1xDioxidation [M1],831.41139,45,49.7,7613751.962,208286.4844,3.2887,63333.47962,120.2,,
High,Q9QXC1,Fetuin-B,AMNQWVSGPAYYVEYLIK,1xOxidation [M/W],716.68712,48,97.39,15532376.68,23383.06445,0.1875,124708.7205,124.5,,
High,Q04447,Creatine kinase B-type,LGFSEVELVQMVVDGVK,1xOxidation [M11],622.32961,37,97.27,6701137.755,22521.54883,0.4411,51055.35564,131.3,,
High,P97290,Plasma protease C1 inhibitor,SSQDMLSVMEK,2xOxidation [M5; M9],643.78449,21,29.1,14428090.77,92327.27344,0.9564,96537.87352,149.5,,
High,Q01339,Beta-2-glycoprotein 1,KATVLYQGMR,1xOxidation [M9],591.81771,33,33.85,63351159.85,171688.4531,0.5202,330050.6082,191.9,,
High,P28665,Murinoglobulin-1,FALEIPVEFSMVPMAK,2xOxidation [M11; M14],614.31166,24,89.16,22064704.98,320595.625,2.9368,109163.6127,202.1,,
High,P06684,Complement C5,EVFLEMNIPYSVVR,1xOxidation [M6],856.43977,35,75.44,37402862.45,260556.7813,1.5836,164532.5574,227.3,,
High,P60710; P68033,"Actin, cytoplasmic 1",IWHHTFYNELR,1xDioxidation [W2]; 2xOxidation [H/W],516.58472,21,63.04,22422024.06,67631.42969,0.7942,85158.63562,263.3,,
High,P06684,Complement C5,LKDMNYANPIIK,1xOxidation [M4],718.38409,28,47.02,88959144.47,483300.3438,1.5836,305187.3805,291.5,,
High,P06683,Complement component C9,VAEESELGLTAGYGINILGMEPLR,1xOxidation [M20],850.10567,47,90.2,20057532.5,70996.6875,1.0574,67141.03288,298.7,,
High,P08074,Carbonyl reductase [NADPH] 2,ALGGIGPVDLLVNNAALVIMQPFLEVTK,1xOxidation [M20],970.21468,91,100.38,16656607.52,45632.05859,0.8606,53025.02089,314.1,,
High,P60710,"Actin, cytoplasmic 1",LCYVALDFEQEMATAASSSSLEK,1xCarbamidomethyl [C2]; 1xOxidation [M12],856.06291,67,73.85,94655132.15,222395.4531,0.7942,280030.9478,338,,
High,Q9WVA4,Transgelin-2,YGINTTDIFQTVDLWEGK,1xOxidation [W15],706.01328,16,84.07,5859136.524,1000,0.1013,9869.715872,500,,
High,P07724,Serum albumin,KAHCLSEVEHDTMPADLPAIAADFVEDQEVCK,2xCarbamidomethyl [C4; C31]; 1xDioxidation [M13]; 2xOxidation [H/M],915.16664,30,90.56,4089222.348,1000,0.2253,4438.245445,500,,
High,P01027,Complement C3,VMNIFLKDSITTWEILAVSLSDKK,1xOxidation [M2],692.62883,41,99.91,1623173.098,1000,0.6153,1625.311327,500,,
High,P01029,Complement C4-B,ALVALGAVDMALYAVGGR,1xOxidation [M10],588.32238,25,93.13,1674790.71,1000,0.6934,1442.110273,500,,
High,P07724,Serum albumin,TVMDDFAQFLDTCCK,2xCarbamidomethyl [C13; C14]; 1xDioxidation [M3],941.88654,49,78.36,5346456.299,1000,0.2253,4438.245445,500,,
High,Q99LX0,Protein/nucleic acid deglycase DJ-1,GAEEMETVIPVDVMR,2xOxidation [M5; M14],854.39904,30,53.67,4466381.25,1000,0.3383,2955.694513,500,,
High,Q9WVA4,Transgelin-2,GASQAGMTGYGMPR,2xOxidation [M7; M12],708.30656,54,24.88,19407751.07,1000,0.1013,9869.715872,500,,
High,P11499,Heat shock protein HSP 90-beta,VFIMDSCDELIPEYLNFIR,1xCarbamidomethyl [C7]; 1xOxidation [M4],797.38808,21,99.73,1992667.762,1000,1.0695,935.0510444,500,,
High,P35527,"Keratin, type I cytoskeletal 9",YCGQLQMIQEQISNLEAQITDVR,1xCarbamidomethyl [C2]; 1xOxidation [M7],918.44767,105,99.85,5573983.761,1000,0.4061,2462.675127,500,,
High,P16858,Glyceraldehyde-3-phosphate dehydrogenase,LISWYDNEYGYSNR,1xOxidation [W4],898.39809,27,56.48,4175977.499,1000,0.6638,1506.57869,500,,
High,P10649,Glutathione S-transferase Mu 1,ADIVENQVMDTR,1xDioxidation [M9],711.82921,30,37.89,5645453.875,1000,0.5066,1973.906625,500,,
High,P15626,Glutathione S-transferase Mu 2,IQLAMVCYSPDFEK,1xCarbamidomethyl [C7]; 1xOxidation [M5],858.9037,28,64.37,7335550.759,1000,0.4491,2226.839506,500,,
High,P10649,Glutathione S-transferase Mu 1,MQLIMLCYNPDFEK,1xCarbamidomethyl [C7]; 1xOxidation [M5]; 1xDioxidation [M1],925.41378,24,72.83,6892110.923,1000,0.5066,1973.906625,500,,
High,P16406,Glutamyl aminopeptidase,IAIPDFGTGAMENWGLVTYR,1xOxidation [M11],743.03476,23,88.81,2239188.985,1000,1.7175,582.2530437,500,,
High,P02769,Serum albumin,MPCTEDYLSLILNR,1xCarbamidomethyl [C3]; 1xOxidation [M1],870.92117,69,86.75,17142727.12,1000,0.2253,4438.245445,500,,
High,P47757,F-actin-capping protein subunit beta,SGSGTMNLGGSLTR,1xOxidation [M6],677.32514,19,35.39,5308872.857,1000,0.7388,1353.462257,500,,
High,P29699,Alpha-2-HS-glycoprotein,VGQPGAAGPVSPMCPGR,2xDioxidation [M13; C14]; 1xOxidation [M13]; 1xTrioxidation [C14],822.87742,26,31.99,6327702.153,1000,0.6446,1551.271798,500,,
High,P02769,Serum albumin,TVMENFVAFVDK,1xOxidation [M3],708.34758,44,68.99,18381378.38,1000,0.2253,4438.245445,500,,
High,P02769,Serum albumin,VHKECCHGDLLECADDR,2xCarbamidomethyl [C13; C]; 1xTrioxidation [C]; Oxidation [H]; 1xDioxidation [C],702.28837,38,45.34,18813990.88,1000,0.2253,4438.245445,500,,
High,P07724,Serum albumin,AHCLSEVEHDTMPADLPAIAADFVEDQEVCK,2xCarbamidomethyl [C3; C30]; 2xOxidation [H2; H9]; 1xDioxidation [M12],1187.85006,57,89.5,18936439.69,1000,0.2253,4438.245445,500,,
High,Q8BH35,Complement component C8 beta chain,STMVEDLVVLVR,1xOxidation [M3],459.58574,22,75.01,5859586.667,1000,0.8063,1240.300772,500,,
High,P17897; P08905,Lysozyme C-1,YWCNDGK,1xCarbamidomethyl [C3]; 1xOxidation [W2],479.68948,21,21.1,134888599.3,1000,0.0378,26457.3799,500,,
High,Q9WVA4,Transgelin-2,IQASSMAFK,1xOxidation [M6],499.75256,26,31.3,51871391.45,1000,0.1013,9869.715872,500,,
High,P09411,Phosphoglycerate kinase 1,VLNNMEIGTSLYDEEGAK,1xOxidation [M5],999.97005,39,54.19,4829071.437,1000,1.1257,888.3357666,500,,
High,P29699,Alpha-2-HS-glycoprotein,VGQPGAAGPVSPMCPGR,1xCarbamidomethyl [C14]; 1xDioxidation [M13],835.39311,40,35.7,8712450.737,1000,0.6446,1551.271798,500,,
High,Q7TMM9; P99024; P68372,Tubulin beta-2A chain,NMMAACDPR,1xCarbamidomethyl [C6]; 2xOxidation [M2; M3],549.21221,29,20.03,11463966.74,1000,0.5254,1903.143626,500,,
High,P13020,Gelsolin,TPSAAYLWVGAGASEAEK,1xOxidation [W8],912.44452,41,60.75,7462269.512,1000,0.8331,1200.406395,500,,
High,O08709,Peroxiredoxin-6,GRDLAILLGMLDPVEK,1xOxidation [M10],585.99362,25,87.2,17973449.7,1000,0.3521,2840.25617,500,,
High,Q7TMM9; P99024,Tubulin beta-2A chain,AILVDLEPGTMDSVR,1xOxidation [M11],816.41946,21,65.03,12535097.17,1000,0.5254,1903.143626,500,,
High,P08074,Carbonyl reductase [NADPH] 2,GVPGSIVNVSSMVAHVTFPNLITYSSTK,1xOxidation [H15]; 1xDioxidation [M12],985.17173,17,89.01,7711420.165,1000,0.8606,1162.012465,500,,
High,O88844,Isocitrate dehydrogenase [NADP] cytoplasmic,KIQGGSVVEMQGDEMTR,2xOxidation [M10; M15],632.96519,18,31.44,5376112.093,1000,1.2761,783.6484666,500,,
High,O35945; P24549,"Aldehyde dehydrogenase, cytosolic 1",GFFVQPTVFSNVTDEMR,1xDioxidation [M16],1003.4692,16,82.23,3617933.704,1000,1.9287,518.4724308,500,,
High,P07724,Serum albumin,CSYDEHAKLVQEVTDFAK,1xTrioxidation [C1]; 1xOxidation [H6]; 1xDioxidation [C1],710.99017,56,71.21,31580626.57,1000,0.2253,4438.245445,500,,
High,P50543,Protein S100-A11,TEFLSFMNTELAAFTK,1xOxidation [M7],933.45473,59,86.75,10233864.69,1000,0.7163,1396.154295,500,,
High,P28665,Murinoglobulin-1,LPIICFDYGMVPISAPR,1xCarbamidomethyl [C5]; 1xOxidation [M10],983.00309,37,87.54,2528831.954,1000,2.9368,340.5025029,500,,
High,P62962,Profilin-1,STGGAPTFNVTVTMTAK,1xOxidation [M14],849.92291,33,50.95,16398184.76,1000,0.4539,2203.233051,500,,
High,P24549,Retinal dehydrogenase 1,IFINNEWHNSVSGK,1xDioxidation [W7]; 2xOxidation [W7; H8],838.90461,24,57.93,7945979.654,1000,0.9983,1001.744545,500,,
High,P10649,Glutathione S-transferase Mu 1,MLLEYTDSSYDEKR,1xOxidation [M1],883.40021,20,46.95,16066927.33,1000,0.5066,1973.906625,500,,
High,Q9QUI0,Transforming protein RhoA,IGAFGYMECSAK,1xCarbamidomethyl [C9]; 1xOxidation [M7],675.29695,32,46.56,22106599.77,1000,0.3965,2522.29565,500,,
High,O09061,Proteasome subunit beta type-1,AGGSASAMLQPLLDNQVGFK,1xOxidation [M8],674.01182,22,69.86,3835827.989,1000,2.2895,436.7699646,500,,
High,Q7TMM9; P99024; P68372,Tubulin beta-2A chain,LHFFMPGFAPLTSR,1xOxidation [M/H],546.28092,54,79.06,16736702.8,1000,0.5254,1903.143626,500,,
High,P07724,Serum albumin,KAHCLSEVEHDTMPADLPAIAADFVEDQEVCK,2xCarbamidomethyl [C4; C31]; 2xOxidation [H3; H10]; 1xDioxidation [M13],923.16277,62,85.78,40368319.41,1000,0.2253,4438.245445,500,,
High,P11499,Heat shock protein HSP 90-beta,LVSSPCCIVTSTYGWTANMER,2xCarbamidomethyl [C6; C7]; 1xOxidation [M19],816.70599,22,70.79,8509114.963,1000,1.0695,935.0510444,500,,
High,P01027,Complement C3,EVVADSVWVDVK,1xOxidation [W8],681.35197,39,58.6,14917290.09,1000,0.6153,1625.311327,500,,
High,O08709,Peroxiredoxin-6,VVDSLQLTGTKPVATPVDWK,1xOxidation [W19],724.06196,35,65.96,26592438.04,1000,0.3521,2840.25617,500,,
High,Q99PT1,Rho GDP-dissociation inhibitor 1,TDYMVGSYGPR,1xOxidation [M4],631.27826,19,39.39,14202380.2,1000,0.6724,1487.23503,500,,
High,P10853,Histone H2B type 1-F/J/L,AMGIMNSFVNDIFER,2xOxidation [M2; M5],888.41135,77,79.52,7263564.03,1000,1.3259,754.2134489,500,,
High,P26041,Moesin,KTQEQLASEMAELTAR,1xOxidation [M10],607.97119,20,43.08,9409103.008,1000,1.0322,968.8432832,500,,
High,P32261,Antithrombin-III,RVAEGTQVLELPFKGDDITMVLILPKPEK,1xOxidation [M20],813.95721,23,88.44,6889421.144,1000,1.5242,656.0647586,500,,
High,P26040,Ezrin,IAQDLEMYGINYFEIK,1xOxidation [M7],981.9812,24,82.1,6184112.366,1000,1.7608,567.9285664,500,,
High,P17563,Methanethiol oxidase,HEIIQTLQMTDGLIPLEIR,1xOxidation [M9],746.07501,63,85.96,9511860.393,1000,1.1614,861.0411887,500,,
High,P46412,Glutathione peroxidase 3,MDILSYMR,2xOxidation [M1; M7],530.74395,40,45.18,30779936.46,1000,0.3683,2715.449755,500,,
High,P01887,Beta-2-microglobulin,VEMSDMSFSK,2xOxidation [M3; M6],596.74685,74,25.72,105992117.2,1000,0.108,9261.908561,500,,
High,Q921I1,Serotransferrin,TAGWNIPMGMLYNR,2xOxidation [M8; M10],828.38889,20,61.89,14027002.86,1000,0.8212,1217.701558,500,,
High,P21614,Vitamin D-binding protein,GQEMCADYSENTFTEYK,1xCarbamidomethyl [C5]; 1xOxidation [M4],1044.91235,70,47.2,17240179.58,1000,0.6744,1482.882899,500,,
High,P26041,Moesin,IAQDLEMYGVNYFSIK,1xOxidation [M7],953.96512,89,77.14,11271727.69,1000,1.0322,968.8432832,500,,
High,P49935,Pro-cathepsin H,GIMEEDSYPYIGK,1xOxidation [M3],759.34507,36,50.45,20173674.06,1000,0.5921,1688.798621,500,,
High,P20918,Plasminogen,TMSGLDCQAWDSQSPHAHGYIPAK,1xCarbamidomethyl [C7]; 1xOxidation [M2],669.04994,26,53.46,53597990.74,1000,0.225,4443.902888,500,,
High,P40142,Transketolase,SVPMSTVFYPSDGVATEK,1xOxidation [M4],965.95937,43,55.66,10865450.31,1000,1.1445,873.7662658,500,,
High,O88947,Coagulation factor X,MLEVPYVDR,1xOxidation [M1],569.28397,28,55.09,20580594,1000,0.6076,1645.807845,500,,
High,P06151,L-lactate dehydrogenase A chain,DLADELALVDVMEDK,1xOxidation [M12],846.40459,52,78.9,11115438.28,1000,1.1261,888.038881,500,,
High,P20918,Plasminogen,MRDVILFEK,1xOxidation [M1],389.54558,21,55,55635417.26,1000,0.225,4443.902888,500,,
High,O35639,Annexin A3,SMKGTGTDEDALIEILTTR,1xOxidation [M2],689.68037,40,83.2,19266245.24,1000,0.7151,1398.473829,500,,
High,P68369; P68368,Tubulin alpha-1A chain,YMACCLLYR,2xCarbamidomethyl [C4; C5]; 1xOxidation [M2],633.27716,27,53.71,13695060.88,1000,1.0777,927.8627171,500,,
High,Q64437,Alcohol dehydrogenase class 4 mu/sigma chain,DSTKPISEVLSDMTGNTIQYTFEVIGR,1xOxidation [M13],1006.49615,43,92.17,13785894.14,1000,1.0962,912.2683709,500,,
High,Q61129,Complement factor I,NSWSMAEANVACVDLGFPLGVR,1xCarbamidomethyl [C12]; 1xOxidation [M/W],803.7146,63,89.5,20480160.8,1000,0.7787,1284.202453,500,,
High,P35242,Pulmonary surfactant-associated protein A,HQILQTMGVLSLQGSMLSVGDK,2xOxidation [M7; M16],792.07363,36,67.86,24056780.18,1000,0.6635,1507.1647,500,,
High,P46412,Glutathione peroxidase 3,FLVGPDGIPVMR,1xOxidation [M11],658.85561,30,64.98,44168717.01,1000,0.3683,2715.449755,500,,
High,P28665,Murinoglobulin-1,YVEDMGLTAFTNLMIK,2xOxidation [M5; M14],939.45369,25,78.5,5942805.397,1000,2.9368,340.5025029,500,,
High,Q99PT1,Rho GDP-dissociation inhibitor 1,AEEYEFLTPMEEAPK,1xOxidation [M10],900.40386,35,59.59,26003074.9,1000,0.6724,1487.23503,500,,
High,P06684,Complement C5,DSLEQAVGGVPVTLMAQTVDVNQETSDLETK,1xOxidation [M15],1097.53628,28,77.97,11479754.4,1000,1.5836,631.4652667,500,,
High,Q61233,Plastin-2,GSVSDEEMMELR,2xOxidation [M8; M9],707.79525,27,32.19,13514834.58,1000,1.371,729.3794918,500,,
High,P35700,Peroxiredoxin-1,KQGGLGPMNIPLISDPKR,1xOxidation [M8],485.02177,33,60.89,23269190.86,1000,0.8629,1158.877568,500,,
High,O08677,Kininogen-1,CQALDMTEMAR,1xCarbamidomethyl [C1]; 2xOxidation [M6; M9],679.28093,46,27.96,64153932.75,1000,0.3372,2965.624641,500,,
High,P10649,Glutathione S-transferase Mu 1,MLLEYTDSSYDEK,1xOxidation [M1],805.35031,79,48.65,44480710.42,1000,0.5066,1973.906625,500,,
High,Q921I1,Serotransferrin,YLGAEYMQSVGNMR,2xOxidation [M7; M13],825.86505,65,41.88,27616893.54,1000,0.8212,1217.701558,500,,
High,P23953,Carboxylesterase 1C,DAGVSTYMYEFR,1xOxidation [M8],727.81648,26,53.43,12410539.34,1000,1.8948,527.7642198,500,,
High,P04186,Complement factor B,VKDMEDLENVFYQMIDETK,2xOxidation [M4; M14],793.69392,47,72.57,25090187.23,1000,0.9667,1034.410636,500,,
High,P52480,Pyruvate kinase PKM,AGKPVICATQMLESMIK,1xCarbamidomethyl [C7]; 2xOxidation [M11; M15],636.99007,18,60.13,23600493.78,1000,1.042,959.657645,500,,
High,P10649,Glutathione S-transferase Mu 1,MQLIMLCYNPDFEK,1xCarbamidomethyl [C7]; 2xOxidation [M1; M5],917.41584,73,70.21,48578439.13,1000,0.5066,1973.906625,500,,
High,P52480,Pyruvate kinase PKM,SGMNVAR,1xOxidation [M3],375.68149,29,19.41,24579330.9,1000,1.042,959.657645,500,,
High,P13020,Gelsolin,SQHVQVEEGSEPDAFWEALGGK,1xOxidation [W16],806.03999,30,56.73,33393365.27,1000,0.8331,1200.406395,500,,
High,P19221,Prothrombin,GIAPWQVMLFR,1xOxidation [M8],667.35723,48,84.8,24273679.14,1000,1.1698,854.826671,500,,
High,P48036,Annexin A5,NFATSLYSMIK,1xOxidation [M9],645.82433,52,70.76,121707668.2,1000,0.2475,4039.896659,500,,
High,Q8K182,Complement component C8 alpha chain,MKTEGTTVDEVQK,1xOxidation [M1],741.36131,37,25.85,36655075.22,1000,0.8669,1153.486049,500,,
High,P06909,Complement factor H,SCDMPVFENSITK,1xCarbamidomethyl [C2]; 1xOxidation [M4],772.34196,74,48.24,44974780.85,1000,0.7837,1276.049683,500,,
High,Q01768; P15532,Nucleoside diphosphate kinase B,VMLGETNPADSKPGTIR,1xOxidation [M2],601.30842,18,42.36,29267108.45,1000,1.2075,828.1641297,500,,
High,P10649,Glutathione S-transferase Mu 1,PMILGYWNVR,1xOxidation [M2],632.82822,44,72.87,71435926.4,1000,0.5066,1973.906625,500,,
High,P21614,Vitamin D-binding protein,VCNELAMLGK,1xCarbamidomethyl [C2]; 1xOxidation [M7],575.78383,54,46.78,53764119.16,1000,0.6744,1482.882899,500,,
High,P10126,Elongation factor 1-alpha 1,SGDAAIVDMVPGKPMCVESFSDYPPLGR,1xCarbamidomethyl [C16]; 2xOxidation [M9; M15],1009.80044,42,69.55,46676008.86,1000,0.8116,1232.138454,500,,
High,P06684,Complement C5,LFSSTYQNINIPVTQNMVPSAR,1xOxidation [M17],832.75739,43,68.21,24600681.2,1000,1.5836,631.4652667,500,,
High,P06684,Complement C5,DTLKRPDSSVPSSGTAGMVETTAYALLASLK,1xOxidation [M18],796.41192,49,93.08,26028287.58,1000,1.5836,631.4652667,500,,
High,P07724,Serum albumin,AHCLSEVEHDTMPADLPAIAADFVEDQEVCK,2xCarbamidomethyl [C3; C30]; Oxidation [H]; 1xDioxidation [M12],1182.52215,73,87.51,211353052.8,1000,0.2253,4438.245445,500,,
High,P35527,"Keratin, type I cytoskeletal 9",TLNDMRQEYEQLIAK,1xOxidation [M5],623.31251,20,55.63,139692682.9,1000,0.4061,2462.675127,500,,
High,P28665,Murinoglobulin-1,LTAQPAPSPEDLTLSMSTIMWLTK,2xOxidation [M16; M20],888.4483,60,89.35,22286927.52,1000,2.9368,340.5025029,500,,
High,P07758; P22599; Q00897,Alpha-1-antitrypsin 1-1,TLMSPLGITR,1xDioxidation [M3],560.80519,51,56.29,52706987.48,1000,1.2584,794.6536507,500,,
High,Q61147,Ceruloplasmin,SLTLLMNPDTK,1xOxidation [M6],624.82888,49,54.04,21796717.13,1000,3.3619,297.449004,500,,
High,P16858,Glyceraldehyde-3-phosphate dehydrogenase,VVDLMAYMASKE,2xOxidation [M5; M8],694.82534,68,45.92,117201890.7,1000,0.6638,1506.57869,500,,
