Accesion Number,pI,Protein Length,Protein Weight,Enzyme Commission Number,Particle Size,Particle Charge,Solvent Cysteine Concentration,Solvent NaCl Concentration,Sequence,% Aromatic,% Negative,% Positive,% Hydrophilic,% Cysteine,Protein Abundance,Enrichment,Interprot
Q12513,4.58,150,16771.46,0,10,1,0,0,MCSAGGIRRPIQIEEFKTAISGMSDMELAQIKTEIENSINHLQRSNARLGKYIAKLEGADDRLEADDSDDLENIDSGDLALYKDSVRENEIVLNNYNERVDALEQETVYRKTGHGKSKHEVEAKDNTNKGPDVDMDNSNVDVVTPNSIFI,6,20.66666667,14,57.3333333,0.666666667,0.0000115,1.15E-02,0
P31787,4.85,87,10061.36,0,10,1,0,0,MVSQLFEEKAKAVNELPTKPSTDELLELYALYKQATVGDNDKEKPGIFNMKDRYKWEAWENLKGKSQEDAEKEYIALVDQLIAKYSS,10.34482759,19.54022988,14.94252874,52.8735632,0,0.00000675,1.23E-02,IPR022408;IPR000582;IPR014352;
P06787,4.18,147,16134.87,0,10,1,0,0,MSSNLTEEQIAEFKEAFALFDKDNNGSISSSELATVMRSLGLSPSEAEVNDLMNEIDVDGNHQIEFSEFLALMSRQLKSNDSEQELLEAFKVFDKNGDGLISAAELKHVLTSIGEKLTDAEVDDMLREVSDGSGEINIQQFAALLSK,6.802721088,20.40816327,8.843537415,54.4217687,0,0.0000168,1.73E-02,IPR011992;IPR018247;IPR002048;
P53141,4.55,149,16444.45,0,10,1,0,0,MSATRANKDIFTLFDKKGQGAIAKDSLGDYLRAIGYNPTNQLVQDIINADSSLRDASSLTLDQITGLIEVNEKELDATTKAKTEDFVKAFQVFDKESTGKVSVGDLRYMLTGLGEKLTDAEVDELLKGVEVDSNGEIDYKKFIEDVLRQ,6.711409396,18.79194631,12.75167785,53.0201342,0,0.00000684,1.84E-02,IPR011992;IPR002048;
P34216,4.61,1381,150783.44,0,10,1,0,0,MASITFRTPLSSQEQAFYNQKFHQLDTEDLGVVTGEAVRPLFASSGLPGQLLSQVWATVDIDNKGFLNLNEFSAALRMIAQLQNAPNQPISAALYESTPTQLASFSINQNPAPMQSGSATGNTNNTDIPALSSNDIAKFSQLFDRTAKGAQTVAGDKAKDIFLKARLPNQTLGEIWALCDRDASGVLDKSEFIMAMYLIQLCMSHHPSMNTPPAVLPTQLWDSIRLEPVVVNQPNRTTPLSANSTGVSSLTRHSTISRLSTGAFSNAASDWSLSFEKKQQFDAIFDSLDKQHAGSLSSAVLVPFFLSSRLNQETLATIWDLADIHNNAEFTKLEFAIAMFLIQKKNAGVELPDVIPNELLQSPALGLYPPNPLPQQQSAPQIAIPSRASKPSLQDMPHQVSAPAVNTQPTVPQVLPQNSNNGSLNDLLALNPSFSSPSPTKAQTVVQNNTNNSFSYDNNNGQATLQQQQPQQPPPLTHSSSGLKKFTPTSNFGQSIIKEEPEEQEQLRESSDTFSAQPPPVPKHASSPVKRTASTTLPQVPNFSVFSMPAGAATSAATGAAVGAAVGAAALGASAFSRSSNNAFKNQDLFADGEASAQLSNATTEMANLSNQVNSLSKQASITNDKKSRATQELKRVTEMKNSIQIKLNNLRSTHDQNVKQTEQLEAQVLQVNKENETLAQQLAVSEANYHAAESKLNELTTDLQESQTKNAELKEQITNLNSMTASLQSQLNEKQQQVKQERSMVDVNSKQLELNQVTVANLQKEIDGLGEKISVYLTKQKELNDYQKTVEEQHAQLQAKYQDLSNKDTDLTDREKQLEERNRQIEEQENLYHQHVSKLQEMFDDLSQRKASFEKADQELKERNIEYANNVRELSERQMNLAMGQLPEDAKDIIAKSASNTDTTTKEATSRGNVHEDTVSKFVETTVENSNLNVNRVKDDEEKTERTESDVFDRDVPTLGSQSDSENANTNNGTQSGNETANPNLTETLSDRFDGDLNEYGIPRSQSLTSSVANNAPQSVRDDVELPETLEERDTINNTANRDNTGNLSHIPGEWEATPATASTDVLSNETTEVIEDGSTTKRANSNEDGESVSSIQESPKISAQPKAKTINEEFPPIQELHIDESDSSSSDDDEFEDTREIPSATVKTLQTPYNAQPTSSLEIHTEQVIKYPAPGTSPSHNEGNSKKASTNSILPVKDEFDDEFAGLEQAAVEEDNGADSESEFENVANAGSMEQFETIDHKDLDDELQMNAFTGTLTSSSNPTIPKPQVQQQSTSDPAQVSNDEWDEIFAGFGNSKAEPTKVATPSIPQQPIPLKNDPIVDASLSKGPIVNRGVATTPKSLAVEELSGMGFTEEEAHNALEKCNWDLEAATNFLLDSA,6.444605358,13.90296886,9.413468501,57.4945692,0.217233888,0.00000119,1.96E-02,IPR011992;IPR018247;IPR002048;IPR000261;IPR015940;IPR009060;
Q04773,4.75,145,15977.45,0,10,1,0,0,MDPELQAIREARLAQLKNNSGGTNGDRNSGANNGGGENSAPVGAAIANFLEPQALERLSRVALVRRDRAQAVETYLKKLIATNNVTHKITEAEIVSILNGIAKQQNSQNNSKIIFERKDFSEDLNSFDKQNAKNDDDEDDDDFFD,5.517241379,17.24137931,13.10344828,57.2413793,0,#N/A,2.06E-02,IPR002836;
P20435,4.53,155,17909.86,0,10,1,0,0,MSDYEEAFNDGNENFEDFDVEHFSDEETYEEKPQFKDGETTDANGKTIVTGGNGPEDFQQHEQIRRKTLKEKAIPKDQRATTPYMTKYERARILGTRALQISMNAPVFVDLEGETDPLRIAMKELAEKKIPLVIRRYLPDGSFEDWSVEELIVDL,10.32258065,22.58064517,14.19354839,54.8387097,0,0.00000347,2.67E-02,IPR020708;IPR006110;IPR012293;IPR028363;IPR006111;
P43582,4.26,211,22655.27,0,10,1,0,0,MAQSKSNPPQVPSGWKAVFDDEYQTWYYVDLSTNSSQWEPPRGTTWPRPKGPPPGVNNEKSSRQQADQAPPPYSSQSTPQVQAGAQAQQPRYYQPQQPQYPQYPQQQRYYPQQAPMPAAAPQQAYYGTAPSTSKGSGHGGAMMGGLLGVGAGLLGGAMLEHAFDDHNYDGPDTVVVENNYYGDDAGGSDGGFDDAGGFDGGFDDGFDGSDF,13.74407583,10.90047393,6.161137441,43.6018957,0,0.00000159,2.75E-02,IPR001202;
Q05050,5.99,843,93213.98,0,10,1,0,0,MSLISAVEDRDIHNIGKTSGGGSRTSSITSSKKSLKHGSKSLRKPKVYQTTGEPLSREALYKAKLKYGVYQSPAQSYSIGVSDAHAASDKAANLAHDNQTTVEAYKRMFIDPNATKAASKMGPKVVRNNSITSATSKTSKESQTKRKSKESPGAAASKAYSMTMETTSLSSQTNSRSYSITSASSVLSGASGSFNSTVNPKPKTLNLEKVLVGAEKKAESRIKERWEPEKTNFQYGVKTDEHGNLNQFSFSNEMMNNIMAKVDAPKAQDLQKVKKVSAEKEAKSMKFALGAANAVKDMHPGEDIDKSIALKAQKRETYLSQLTSQQVLTLARANVDRQLDIIEKSDMHRKLFTNMEYNKAAVAVAQSNHQKKTEFHNKINMGGGLFLSPEDITKIASGLISPVLGEVSERAEAQRAMDEEIAERTEAYNKSSNEWETMERSIISNDAKVLTTTANRHQTEKKTSQEKIKASFDALVARMDTKVAERETLLEDTKSKEIEFKKQMQQELKDEKARLDQDLEEWGKKCEQDITEARKEQEELLKPYHDDLANAEAEHKTLVEERDEINAEISRLQDAIVDHKRKISGYGNDLDAQKNRNIREDDKLLELGQTKESLESHLNDDVIILANKAKEQAELSTKEARLKQLEVDSLINERKSELNATEIELKKEKLNLLEAMKDVASARGDDKIDEEKVKKLIGMTSEEYLTQNKSVEKNVEDLPTQLEKIEEGDELKKEEIVGAETKNSGGDGVPVSTAAKEATETSSAVQTKEPEEKISIGNKSSGKEDANDCKSAEHSKEISVSQKAGNNKSLGVSPDSLEHTFSGFSQGSSIEDDQDAISNQEKK,5.575326216,16.96322657,17.55634638,61.0913405,0.237247924,#N/A,2.87E-02,IPR024527;
P39931,4.84,234,24767.4,0,10,1,0,0,MRFLRGFVFSLAFTLYKVTATAEIGSEINVENEAPPDGLSWEEWHMDHEHQLKDYTPETFFALHDIKKKGFLDENDILSLYGLNREEIVGAGDGMGQHDESEKIDNEMAKRVVSLIMRLLDVDDNTKITKEEYLQFAKRGNKFPDLGVGVGHHSDFELEYEIHHWNKFHKDKDPDVKVVHKEDIEHELLHHEHEIEHEEEIQRGASRATVITDDELESRIELKNIPEKFKNGIF,15.81196581,22.22222223,18.8034188,54.7008547,0,0.00000128,3.21E-02,IPR011992;IPR002048;
P38616,4.67,354,33351.22,0,10,1,0,0,MKFQVVLSALLACSSAVVASPIENLFKYRAVKASHSKNINSTLPAWNGSNSSNVTYANGTNSTTNTTTAESSQLQIIVTGGQVPITNSSLTHTNYTRLFNSSSALNITELYNVARVVNETIQDKSSAGAVVVANAKSLEAVSFFFSIIFDTEKPIVVTEDSAYAIPVANNKNATKRGVLSVTSDKLVYSGVFTPPTACSYGAGLPVAIVDDQDEVKWFFDASKPTLISSDSIIRKEYSNFTTPYGLLENGVPIVPIVYDGGYSSSLIDSLSSAVQGLVVVSSGSTNSTSSTIESTEIPVVYAQANTPLNFIDNKDVPKNAVGAGYLSPIKAQILLSIAAVNGVTSKSALESIFP,8.474576271,7.344632768,6.779661017,47.1751412,0.564971751,0.00000234,3.21E-02,IPR006034;IPR034541;
Q03178,4.87,341,28068.15,0,10,1,0,0,MQYKKSLVASALVATSLAAYAPKDPWSTLTPSATYKGGITDYSSTFGIAVEPIATTASSKAKRAAAISQIGDGQIQATTKTTAAAVSQIGDGQIQATTKTKAAAVSQIGDGQIQATTKTTSAKTTAAAVSQIGDGQIQATTKTKAAAVSQIGDGQIQATTKTTAAAVSQIGDGQIQATTKTTAAAVSQIGDGQIQATTNTTVAPVSQITDGQIQATTLTSATIIPSPAPAPITNGTDPVTAETCKSSGTLEMNLKGGILTDGKGRIGSIVANRQFQFDGPPPQAGAIYAAGWSITPEGNLAIGDQDTFYQCLSGNFYNLYDEHIGTQCNAVHLQAIDLLNC,4.985337243,6.451612903,6.744868035,47.2140762,1.173020528,0.00000021,4.21E-02,IPR000420;
P22943,5.22,109,11692.71,0,10,1,0,0,MSDAGRKGFGEKASEALKPDSQKSYAEQGKEYITDKADKVAGKVQPEDNKGVFQGVHDSAEKGKDNAEGQGESLADQARDYMGAAKSKLNDAVEYVSGRVHGEEDPTKK,7.339449541,20.18348624,18.34862385,55.9633028,0,0.0000399,4.52E-02,IPR016360;IPR007250;
P17695,5.67,143,11833.59,0,10,1,0,0,METNFSFDSNLIVIIIITLFATRIIAKRFLSTPKMVSQETVAHVKDLIGQKEVFVAAKTYCPYCKATLSTLFQELNVPKSKALVLELDEMSNGSEIQDALEEISGQKTVPNVYINGKHIGGNSDLETLKKNGKLAEILKPVFQ,8.391608392,11.18881119,12.58741259,47.5524476,1.398601399,0.0000138,4.62E-02,IPR011767;IPR002109;IPR011899;IPR014025;IPR012336;
Q12165,4.87,160,14553.48,0,10,1,0,0,MLRSIIGKSASRSLNFVAKRSYAEAAAASSGLKLQFALPHETLYSGSEVTQVNLPAKSGRIGVLANHVPTVEQLLPGVVEVMEGSNSKKFFISGGFATVQPDSQLCVTAIEAFPLESFSQENIKNLLAEAKKNVSSSDAREAAEAAIQVEVLENLQSVLK,6.875,10,10.625,46.25,0.625,#N/A,5.03E-02,IPR001469;IPR020546;
P17106,4.93,351,39387.7,0,10,1,0,0,MNSLANNNKLSTEDEEIHSARKRGYNEEQNYSEARKKQRDQGLLSQESNDGNIDSALLSEGATLKGTQSQYESGLTSNKDEKGSDDEDASVAEAAVAATVNYTDLIQGQEDSSDAHTSNQTNANGEHKDSLNGERAITPSNEGVKPNTSLEGMTSSPMESTQQSKNDMLIPLAEHDRGPEHQQDDEDNDDADIDLKKDISMQPGRRGRKPTTLATTDEWKKQRKDSHKEVERRRRENINTAINVLSDLLPVRESSKAAILACAAEYIQKLKETDEANIEKWTLQKLLSEQNASQLASANEKLQEELGNAYKEIEYMKRVLRKEGIEYEDMHTHKKQENERKSTRSDNPHEA,5.413105413,19.94301995,16.23931624,65.2421652,0.284900285,#N/A,5.27E-02,IPR011598;
P24031,4.4,467,51011.44,3,10,1,0,0,MFKSVVYSVLAAALVNAGTIPLGELADVAKIGTQEDIFPFLGGAGPYFSFPGDYGISRDLPEGCEMKQLQMLARHGERYPTYSKGATIMKTWYKLSNYTRQFNGSLSFLNDDYEFFIRDDDDLEMETTFANSDNVLNPYTGEMDAKRHAREFLAQYGYMFENQTSFPIFAASSERVHDTAQYFIDGLGDQFNISLQTVSEAMSAGANTLSAGNACPGWDEDANDDILDKYDTTYLDDIAKRLNKENKGLNLTSKDANTLFAWCAYELNARGYSDVCDIFTEDELVRYSYGQDLVSFYQDGPGYDMIRSVGANLFNATLKLLKQSETQDLKVWLSFTHDTDILNYLTTAGIIDDKNNLTAEYVPFMGNTFHKSWYVPQGARVYTEKFQCSNDTYVRYVINDAVVPIETCSTGPGFSCEINDFYDYAEKRVAGTDFLKVCNVSSVSNVTELTFYWDWNTTHYNDTLLKQ,15.20342612,14.34689508,8.993576017,47.3233405,1.713062099,0.000000538,5.66E-02,IPR033379;IPR000560;IPR029033;IPR016274;
